MIGs_URI	MIGs_Aggregate	NACE_URI	NACE_Rev2_1_Position
"http://data.europa.eu/ux2/nace2.1/MIG_CAG"	"Capital goods"	"http://data.europa.eu/ux2/nace2.1/251"	"25.1 Manufacture of structural metal products"
"http://data.europa.eu/ux2/nace2.1/MIG_CAG"	"Capital goods"	"http://data.europa.eu/ux2/nace2.1/252"	"25.2 Manufacture of tanks, reservoirs and containers of metal"
"http://data.europa.eu/ux2/nace2.1/MIG_CAG"	"Capital goods"	"http://data.europa.eu/ux2/nace2.1/253"	"25.3 Manufacture of weapons and ammunition"
"http://data.europa.eu/ux2/nace2.1/MIG_CAG"	"Capital goods"	"http://data.europa.eu/ux2/nace2.1/262"	"26.2 Manufacture of computers and peripheral equipment"
"http://data.europa.eu/ux2/nace2.1/MIG_CAG"	"Capital goods"	"http://data.europa.eu/ux2/nace2.1/263"	"26.3 Manufacture of communication equipment"
"http://data.europa.eu/ux2/nace2.1/MIG_CAG"	"Capital goods"	"http://data.europa.eu/ux2/nace2.1/265"	"26.5 Manufacture of measuring testing instruments, clocks and watches"
"http://data.europa.eu/ux2/nace2.1/MIG_CAG"	"Capital goods"	"http://data.europa.eu/ux2/nace2.1/266"	"26.6 Manufacture of irradiation, electromedical and electrotherapeutic equipment"
"http://data.europa.eu/ux2/nace2.1/MIG_CAG"	"Capital goods"	"http://data.europa.eu/ux2/nace2.1/28"	"28 Manufacture of machinery and equipment n.e.c."
"http://data.europa.eu/ux2/nace2.1/MIG_CAG"	"Capital goods"	"http://data.europa.eu/ux2/nace2.1/29"	"29 Manufacture of motor vehicles, trailers and semi-trailers"
"http://data.europa.eu/ux2/nace2.1/MIG_CAG"	"Capital goods"	"http://data.europa.eu/ux2/nace2.1/301"	"30.1 Building of ships and boats"
"http://data.europa.eu/ux2/nace2.1/MIG_CAG"	"Capital goods"	"http://data.europa.eu/ux2/nace2.1/302"	"30.2 Manufacture of railway locomotives and rolling stock"
"http://data.europa.eu/ux2/nace2.1/MIG_CAG"	"Capital goods"	"http://data.europa.eu/ux2/nace2.1/303"	"30.3 Manufacture of air and spacecraft and related machinery"
"http://data.europa.eu/ux2/nace2.1/MIG_CAG"	"Capital goods"	"http://data.europa.eu/ux2/nace2.1/304"	"30.4 Manufacture of military fighting vehicles"
"http://data.europa.eu/ux2/nace2.1/MIG_CAG"	"Capital goods"	"http://data.europa.eu/ux2/nace2.1/325"	"32.5 Manufacture of medical and dental instruments and supplies"
"http://data.europa.eu/ux2/nace2.1/MIG_CAG"	"Capital goods"	"http://data.europa.eu/ux2/nace2.1/33"	"33 Repair, maintenance and installation of machinery and equipment"
"http://data.europa.eu/ux2/nace2.1/MIG_DCOG"	"Consumer durables"	"http://data.europa.eu/ux2/nace2.1/264"	"26.4 Manufacture of consumer electronics"
"http://data.europa.eu/ux2/nace2.1/MIG_DCOG"	"Consumer durables"	"http://data.europa.eu/ux2/nace2.1/267"	"26.7 Manufacture of optical instruments, magnetic and optical media and photographic equipment"
"http://data.europa.eu/ux2/nace2.1/MIG_DCOG"	"Consumer durables"	"http://data.europa.eu/ux2/nace2.1/275"	"27.5 Manufacture of domestic appliances"
"http://data.europa.eu/ux2/nace2.1/MIG_DCOG"	"Consumer durables"	"http://data.europa.eu/ux2/nace2.1/309"	"30.9 Manufacture of transport equipment n.e.c."
"http://data.europa.eu/ux2/nace2.1/MIG_DCOG"	"Consumer durables"	"http://data.europa.eu/ux2/nace2.1/31"	"31 Manufacture of furniture"
"http://data.europa.eu/ux2/nace2.1/MIG_DCOG"	"Consumer durables"	"http://data.europa.eu/ux2/nace2.1/321"	"32.1 Manufacture of jewellery, bijouterie and related articles"
"http://data.europa.eu/ux2/nace2.1/MIG_DCOG"	"Consumer durables"	"http://data.europa.eu/ux2/nace2.1/322"	"32.2 Manufacture of musical instruments"
"http://data.europa.eu/ux2/nace2.1/MIG_NDCOG"	"Consumer non-durables"	"http://data.europa.eu/ux2/nace2.1/101"	"10.1 Processing and preserving of meat and production of meat products"
"http://data.europa.eu/ux2/nace2.1/MIG_NDCOG"	"Consumer non-durables"	"http://data.europa.eu/ux2/nace2.1/102"	"10.2 Processing and preserving of fish, crustaceans and molluscs"
"http://data.europa.eu/ux2/nace2.1/MIG_NDCOG"	"Consumer non-durables"	"http://data.europa.eu/ux2/nace2.1/103"	"10.3 Processing and preserving of fruit and vegetables"
"http://data.europa.eu/ux2/nace2.1/MIG_NDCOG"	"Consumer non-durables"	"http://data.europa.eu/ux2/nace2.1/104"	"10.4 Manufacture of vegetable and animal oils and fats"
"http://data.europa.eu/ux2/nace2.1/MIG_NDCOG"	"Consumer non-durables"	"http://data.europa.eu/ux2/nace2.1/105"	"10.5 Manufacture of dairy products and edible ice"
"http://data.europa.eu/ux2/nace2.1/MIG_NDCOG"	"Consumer non-durables"	"http://data.europa.eu/ux2/nace2.1/107"	"10.7 Manufacture of bakery and farinaceous products"
"http://data.europa.eu/ux2/nace2.1/MIG_NDCOG"	"Consumer non-durables"	"http://data.europa.eu/ux2/nace2.1/108"	"10.8 Manufacture of other food products"
"http://data.europa.eu/ux2/nace2.1/MIG_NDCOG"	"Consumer non-durables"	"http://data.europa.eu/ux2/nace2.1/11"	"11 Manufacture of beverages"
"http://data.europa.eu/ux2/nace2.1/MIG_NDCOG"	"Consumer non-durables"	"http://data.europa.eu/ux2/nace2.1/12"	"12 Manufacture of tobacco products"
"http://data.europa.eu/ux2/nace2.1/MIG_NDCOG"	"Consumer non-durables"	"http://data.europa.eu/ux2/nace2.1/139"	"13.9 Manufacture of other textiles"
"http://data.europa.eu/ux2/nace2.1/MIG_NDCOG"	"Consumer non-durables"	"http://data.europa.eu/ux2/nace2.1/14"	"14 Manufacture of wearing apparel"
"http://data.europa.eu/ux2/nace2.1/MIG_NDCOG"	"Consumer non-durables"	"http://data.europa.eu/ux2/nace2.1/15"	"15 Manufacture of leather and related products of other materials"
"http://data.europa.eu/ux2/nace2.1/MIG_NDCOG"	"Consumer non-durables"	"http://data.europa.eu/ux2/nace2.1/18"	"18 Printing and reproduction of recorded media"
"http://data.europa.eu/ux2/nace2.1/MIG_NDCOG"	"Consumer non-durables"	"http://data.europa.eu/ux2/nace2.1/204"	"20.4 Manufacture of washing, cleaning and polishing preparations"
"http://data.europa.eu/ux2/nace2.1/MIG_NDCOG"	"Consumer non-durables"	"http://data.europa.eu/ux2/nace2.1/21"	"21 Manufacture of basic pharmaceutical products and pharmaceutical preparations"
"http://data.europa.eu/ux2/nace2.1/MIG_NDCOG"	"Consumer non-durables"	"http://data.europa.eu/ux2/nace2.1/323"	"32.3 Manufacture of sports goods"
"http://data.europa.eu/ux2/nace2.1/MIG_NDCOG"	"Consumer non-durables"	"http://data.europa.eu/ux2/nace2.1/324"	"32.4 Manufacture of games and toys"
"http://data.europa.eu/ux2/nace2.1/MIG_NDCOG"	"Consumer non-durables"	"http://data.europa.eu/ux2/nace2.1/329"	"32.9 Manufacturing n.e.c."
"http://data.europa.eu/ux2/nace2.1/MIG_NRG"	"Energy"	"http://data.europa.eu/ux2/nace2.1/05"	"05 Mining of coal and lignite"
"http://data.europa.eu/ux2/nace2.1/MIG_NRG"	"Energy"	"http://data.europa.eu/ux2/nace2.1/06"	"06 Extraction of crude petroleum and natural gas"
"http://data.europa.eu/ux2/nace2.1/MIG_NRG"	"Energy"	"http://data.europa.eu/ux2/nace2.1/19"	"19 Manufacture of coke and refined petroleum products"
"http://data.europa.eu/ux2/nace2.1/MIG_NRG"	"Energy"	"http://data.europa.eu/ux2/nace2.1/35"	"35 Electricity, gas, steam and air conditioning supply"
"http://data.europa.eu/ux2/nace2.1/MIG_NRG"	"Energy"	"http://data.europa.eu/ux2/nace2.1/36"	"36 Water collection, treatment and supply"
"http://data.europa.eu/ux2/nace2.1/MIG_ING"	"Intermediate goods"	"http://data.europa.eu/ux2/nace2.1/07"	"07 Mining of metal ores"
"http://data.europa.eu/ux2/nace2.1/MIG_ING"	"Intermediate goods"	"http://data.europa.eu/ux2/nace2.1/08"	"08 Other mining and quarrying"
"http://data.europa.eu/ux2/nace2.1/MIG_ING"	"Intermediate goods"	"http://data.europa.eu/ux2/nace2.1/09"	"09 Mining support service activities"
"http://data.europa.eu/ux2/nace2.1/MIG_ING"	"Intermediate goods"	"http://data.europa.eu/ux2/nace2.1/106"	"10.6 Manufacture of grain mill products, starches and starch products"
"http://data.europa.eu/ux2/nace2.1/MIG_ING"	"Intermediate goods"	"http://data.europa.eu/ux2/nace2.1/109"	"10.9 Manufacture of prepared animal feeds"
"http://data.europa.eu/ux2/nace2.1/MIG_ING"	"Intermediate goods"	"http://data.europa.eu/ux2/nace2.1/131"	"13.1 Preparation and spinning of textile fibres"
"http://data.europa.eu/ux2/nace2.1/MIG_ING"	"Intermediate goods"	"http://data.europa.eu/ux2/nace2.1/132"	"13.2 Weaving of textiles"
"http://data.europa.eu/ux2/nace2.1/MIG_ING"	"Intermediate goods"	"http://data.europa.eu/ux2/nace2.1/133"	"13.3 Finishing of textiles"
"http://data.europa.eu/ux2/nace2.1/MIG_ING"	"Intermediate goods"	"http://data.europa.eu/ux2/nace2.1/16"	"16 Manufacture of wood and of products of wood and cork, except furniture; manufacture of articles of straw and plaiting materials"
"http://data.europa.eu/ux2/nace2.1/MIG_ING"	"Intermediate goods"	"http://data.europa.eu/ux2/nace2.1/17"	"17 Manufacture of paper and paper products"
"http://data.europa.eu/ux2/nace2.1/MIG_ING"	"Intermediate goods"	"http://data.europa.eu/ux2/nace2.1/201"	"20.1 Manufacture of basic chemicals, fertilisers and nitrogen compounds, plastics and synthetic rubber in primary forms"
"http://data.europa.eu/ux2/nace2.1/MIG_ING"	"Intermediate goods"	"http://data.europa.eu/ux2/nace2.1/202"	"20.2 Manufacture of pesticides, disinfectants and other agrochemical products"
"http://data.europa.eu/ux2/nace2.1/MIG_ING"	"Intermediate goods"	"http://data.europa.eu/ux2/nace2.1/203"	"20.3 Manufacture of paints, varnishes and similar coatings, printing ink and mastics"
"http://data.europa.eu/ux2/nace2.1/MIG_ING"	"Intermediate goods"	"http://data.europa.eu/ux2/nace2.1/205"	"20.5 Manufacture of other chemical products"
"http://data.europa.eu/ux2/nace2.1/MIG_ING"	"Intermediate goods"	"http://data.europa.eu/ux2/nace2.1/206"	"20.6 Manufacture of man-made fibres"
"http://data.europa.eu/ux2/nace2.1/MIG_ING"	"Intermediate goods"	"http://data.europa.eu/ux2/nace2.1/22"	"22 Manufacture of rubber and plastic products"
"http://data.europa.eu/ux2/nace2.1/MIG_ING"	"Intermediate goods"	"http://data.europa.eu/ux2/nace2.1/23"	"23 Manufacture of other non-metallic mineral products"
"http://data.europa.eu/ux2/nace2.1/MIG_ING"	"Intermediate goods"	"http://data.europa.eu/ux2/nace2.1/24"	"24 Manufacture of basic metals"
"http://data.europa.eu/ux2/nace2.1/MIG_ING"	"Intermediate goods"	"http://data.europa.eu/ux2/nace2.1/254"	"25.4 Forging and shaping metal and powder metallurgy"
"http://data.europa.eu/ux2/nace2.1/MIG_ING"	"Intermediate goods"	"http://data.europa.eu/ux2/nace2.1/255"	"25.5 Treatment and coating of metals; machining"
"http://data.europa.eu/ux2/nace2.1/MIG_ING"	"Intermediate goods"	"http://data.europa.eu/ux2/nace2.1/256"	"25.6 Manufacture of cutlery, tools and general hardware"
"http://data.europa.eu/ux2/nace2.1/MIG_ING"	"Intermediate goods"	"http://data.europa.eu/ux2/nace2.1/259"	"25.9 Manufacture of other fabricated metal products"
"http://data.europa.eu/ux2/nace2.1/MIG_ING"	"Intermediate goods"	"http://data.europa.eu/ux2/nace2.1/261"	"26.1 Manufacture of electronic components and boards"
"http://data.europa.eu/ux2/nace2.1/MIG_ING"	"Intermediate goods"	"http://data.europa.eu/ux2/nace2.1/271"	"27.1 Manufacture of electric motors, generators, transformers and electricity distribution and control apparatus"
"http://data.europa.eu/ux2/nace2.1/MIG_ING"	"Intermediate goods"	"http://data.europa.eu/ux2/nace2.1/272"	"27.2 Manufacture of batteries and accumulators"
"http://data.europa.eu/ux2/nace2.1/MIG_ING"	"Intermediate goods"	"http://data.europa.eu/ux2/nace2.1/273"	"27.3 Manufacture of wiring and wiring devices"
"http://data.europa.eu/ux2/nace2.1/MIG_ING"	"Intermediate goods"	"http://data.europa.eu/ux2/nace2.1/274"	"27.4 Manufacture of lighting equipment"
"http://data.europa.eu/ux2/nace2.1/MIG_ING"	"Intermediate goods"	"http://data.europa.eu/ux2/nace2.1/279"	"27.9 Manufacture of other electrical equipment"
